{
  "modelType" : "b",
  "split" : "train",
  "accuracy" : 0.7059566229162649,
  "confusionMatrix" : {
    "numRows" : 7,
    "numCols" : 7,
    "values" : [ 217778.0, 2636.0, 5413.0, 3413.0, 5442.0, 1347.0, 2422.0, 12595.0, 7269.0, 1818.0, 673.0, 444.0, 605.0, 249.0, 30426.0, 2050.0, 26498.0, 666.0, 2906.0, 380.0, 1957.0, 0.0, 0.0, 0.0, 0.0, 0.0, 0.0, 0.0, 25814.0, 775.0, 4548.0, 2205.0, 15721.0, 443.0, 2094.0, 0.0, 0.0, 0.0, 0.0, 0.0, 0.0, 0.0, 0.0, 0.0, 0.0, 0.0, 0.0, 0.0, 0.0 ],
    "isTransposed" : false
  },
  "precision" : [ 0.9133029427429534, 0.30731831057371156, 0.4083966524359231, 0.0, 0.3046705426356589, 0.0, 0.0 ],
  "recall" : [ 0.759832945470024, 0.5710133542812255, 0.6922695091046843, 0.0, 0.6413331701546119, 0.0, 0.0 ],
  "fMeasure" : [ 0.829529352612253, 0.3995822224665366, 0.5137262504846839, 0.0, 0.41309631731767243, 0.0, 0.0 ]
},
{
  "modelType" : "b",
  "split" : "valid",
  "accuracy" : 0.6914300545029847,
  "confusionMatrix" : {
    "numRows" : 7,
    "numCols" : 7,
    "values" : [ 54388.0, 703.0, 1659.0, 973.0, 1653.0, 353.0, 563.0, 3217.0, 1758.0, 479.0, 214.0, 165.0, 151.0, 47.0, 7987.0, 512.0, 6276.0, 190.0, 981.0, 78.0, 436.0, 0.0, 0.0, 0.0, 0.0, 0.0, 0.0, 0.0, 6722.0, 194.0, 1160.0, 551.0, 4180.0, 120.0, 615.0, 0.0, 0.0, 0.0, 0.0, 0.0, 0.0, 0.0, 0.0, 0.0, 0.0, 0.0, 0.0, 0.0, 0.0 ],
    "isTransposed" : false
  },
  "precision" : [ 0.902076560737743, 0.29149394793566574, 0.3812879708383961, 0.0, 0.3086693250627677, 0.0, 0.0 ],
  "recall" : [ 0.7521088585889316, 0.5550994632143985, 0.6555253812408607, 0.0, 0.5989396761713712, 0.0, 0.0 ],
  "fMeasure" : [ 0.8202947076301224, 0.38225701239399873, 0.48213874164554044, 0.0, 0.40738755421275763, 0.0, 0.0 ]
},
{
  "modelType" : "d",
  "split" : "train",
  "accuracy" : 0.7629659761164541,
  "confusionMatrix" : {
    "numRows" : 7,
    "numCols" : 7,
    "values" : [ 224668.0, 1108.0, 1456.0, 1819.0, 1465.0, 1181.0, 1939.0, 10062.0, 8753.0, 954.0, 634.0, 388.0, 694.0, 328.0, 28965.0, 2306.0, 34775.0, 535.0, 2007.0, 351.0, 2019.0, 0.0, 0.0, 0.0, 0.0, 0.0, 0.0, 0.0, 22918.0, 563.0, 1092.0, 3969.0, 20653.0, 549.0, 2436.0, 0.0, 0.0, 0.0, 0.0, 0.0, 0.0, 0.0, 0.0, 0.0, 0.0, 0.0, 0.0, 0.0, 0.0 ],
    "isTransposed" : false
  },
  "precision" : [ 0.9616155044599292, 0.40127446935313804, 0.4900786380675893, 0.0, 0.39580298965120736, 0.0, 0.0 ],
  "recall" : [ 0.7838723295872831, 0.6875883739198743, 0.9085090263082268, 0.0, 0.842532533757598, 0.0, 0.0 ],
  "fMeasure" : [ 0.8636941157022886, 0.5067886402454911, 0.6367006911704124, 0.0, 0.5385889194580992, 0.0, 0.0 ]
},
{
  "modelType" : "d",
  "split" : "valid",
  "accuracy" : 0.7372437062029588,
  "confusionMatrix" : {
    "numRows" : 7,
    "numCols" : 7,
    "values" : [ 55799.0, 404.0, 742.0, 521.0, 640.0, 315.0, 461.0, 2622.0, 2049.0, 338.0, 216.0, 174.0, 164.0, 66.0, 7797.0, 552.0, 7939.0, 164.0, 937.0, 87.0, 494.0, 0.0, 0.0, 0.0, 0.0, 0.0, 0.0, 0.0, 6096.0, 162.0, 555.0, 1027.0, 5228.0, 136.0, 640.0, 0.0, 0.0, 0.0, 0.0, 0.0, 0.0, 0.0, 0.0, 0.0, 0.0, 0.0, 0.0, 0.0, 0.0 ],
    "isTransposed" : false
  },
  "precision" : [ 0.9476410448014674, 0.3640078166637058, 0.4417918753478019, 0.0, 0.3776365212366368, 0.0, 0.0 ],
  "recall" : [ 0.7716209862543906, 0.646984527944427, 0.8292249843325674, 0.0, 0.7491044562258203, 0.0, 0.0 ],
  "fMeasure" : [ 0.8506204457452972, 0.46589358799454295, 0.5764594830090038, 0.0, 0.502137059981751, 0.0, 0.0 ]
},
{
  "modelType" : "s",
  "split" : "train",
  "accuracy" : 0.7922168484390643,
  "confusionMatrix" : {
    "numRows" : 7,
    "numCols" : 7,
    "values" : [ 237466.0, 1721.0, 2358.0, 2327.0, 1965.0, 1453.0, 2577.0, 7343.0, 8394.0, 1203.0, 295.0, 198.0, 432.0, 189.0, 21130.0, 1957.0, 33135.0, 388.0, 1422.0, 298.0, 1500.0, 0.0, 0.0, 0.0, 0.0, 0.0, 0.0, 0.0, 20674.0, 658.0, 1581.0, 3947.0, 20928.0, 592.0, 2456.0, 0.0, 0.0, 0.0, 0.0, 0.0, 0.0, 0.0, 0.0, 0.0, 0.0, 0.0, 0.0, 0.0, 0.0 ],
    "isTransposed" : false
  },
  "precision" : [ 0.9503695966254048, 0.46493851777999334, 0.5538191542704329, 0.0, 0.4116767644976001, 0.0, 0.0 ],
  "recall" : [ 0.8285248750056696, 0.6593872741555381, 0.8656634532486872, 0.0, 0.8537510708603598, 0.0, 0.0 ],
  "fMeasure" : [ 0.8852743811512078, 0.5453482328482329, 0.6754869683101103, 0.0, 0.55549509615257, 0.0, 0.0 ]
},
{
  "modelType" : "s",
  "split" : "valid",
  "accuracy" : 0.7636958214378406,
  "confusionMatrix" : {
    "numRows" : 7,
    "numCols" : 7,
    "values" : [ 58930.0, 580.0, 1091.0, 675.0, 879.0, 385.0, 604.0, 1952.0, 1935.0, 368.0, 131.0, 107.0, 110.0, 39.0, 5732.0, 457.0, 7348.0, 133.0, 643.0, 59.0, 375.0, 0.0, 0.0, 0.0, 0.0, 0.0, 0.0, 0.0, 5700.0, 195.0, 767.0, 989.0, 5350.0, 148.0, 643.0, 0.0, 0.0, 0.0, 0.0, 0.0, 0.0, 0.0, 0.0, 0.0, 0.0, 0.0, 0.0, 0.0, 0.0 ],
    "isTransposed" : false
  },
  "precision" : [ 0.9332636513366274, 0.41684618698836706, 0.49827083474605005, 0.0, 0.3879060324825986, 0.0, 0.0 ],
  "recall" : [ 0.8149182730868159, 0.6109883170192612, 0.767495299770211, 0.0, 0.7665854706978077, 0.0, 0.0 ],
  "fMeasure" : [ 0.870085192458179, 0.49558202074529384, 0.6042514699231119, 0.0, 0.5151413027779115, 0.0, 0.0 ]
},
{
  "modelType" : "m",
  "split" : "train",
  "accuracy" : 0.8110156978448811,
  "confusionMatrix" : {
    "numRows" : 7,
    "numCols" : 7,
    "values" : [ 237425.0, 638.0, 1137.0, 964.0, 1430.0, 872.0, 1484.0, 6993.0, 10223.0, 735.0, 696.0, 235.0, 716.0, 249.0, 19789.0, 1278.0, 35312.0, 322.0, 1986.0, 179.0, 1780.0, 4212.0, 179.0, 52.0, 3653.0, 435.0, 673.0, 106.0, 18194.0, 412.0, 1041.0, 1322.0, 20427.0, 335.0, 3103.0, 0.0, 0.0, 0.0, 0.0, 0.0, 0.0, 0.0, 0.0, 0.0, 0.0, 0.0, 0.0, 0.0, 0.0 ],
    "isTransposed" : false
  },
  "precision" : [ 0.9732527157204345, 0.515090441880385, 0.5822642878343172, 0.39237379162191194, 0.45561404291386004, 0.0, 0.0 ],
  "recall" : [ 0.8283818249695583, 0.8030636292223094, 0.9225383389502835, 0.5250826505677735, 0.8333129359931465, 0.0, 0.0 ],
  "fMeasure" : [ 0.8949926775896547, 0.6276207140006753, 0.7139290154969016, 0.4491301407758038, 0.589124259160454, 0.0, 0.0 ]
},
{
  "modelType" : "m",
  "split" : "valid",
  "accuracy" : 0.7822995068777576,
  "confusionMatrix" : {
    "numRows" : 7,
    "numCols" : 7,
    "values" : [ 58864.0, 276.0, 598.0, 340.0, 541.0, 194.0, 314.0, 1887.0, 2344.0, 277.0, 247.0, 96.0, 197.0, 53.0, 5436.0, 317.0, 7983.0, 112.0, 929.0, 41.0, 475.0, 1126.0, 93.0, 43.0, 899.0, 148.0, 170.0, 26.0, 5001.0, 137.0, 673.0, 330.0, 5265.0, 100.0, 793.0, 0.0, 0.0, 0.0, 0.0, 0.0, 0.0, 0.0, 0.0, 0.0, 0.0, 0.0, 0.0, 0.0, 0.0 ],
    "isTransposed" : false
  },
  "precision" : [ 0.9629787164428157, 0.4595177416192903, 0.5220035310272674, 0.3588822355289421, 0.42808358403122204, 0.0, 0.0 ],
  "recall" : [ 0.8140055867466881, 0.740132617619198, 0.8338207645707123, 0.4662863070539419, 0.754406075368964, 0.0, 0.0 ],
  "fMeasure" : [ 0.8822475850750519, 0.5670053217223028, 0.6420557365182772, 0.40559440559440557, 0.546218487394958, 0.0, 0.0 ]
},
{
  "modelType" : "x",
  "split" : "train",
  "accuracy" : 0.6865000647143193,
  "confusionMatrix" : {
    "numRows" : 7,
    "numCols" : 7,
    "values" : [ 212306.0, 2695.0, 2035.0, 4374.0, 8348.0, 1826.0, 3107.0, 6061.0, 3808.0, 2415.0, 138.0, 364.0, 61.0, 118.0, 31658.0, 5104.0, 30783.0, 698.0, 2798.0, 261.0, 799.0, 0.0, 0.0, 0.0, 0.0, 0.0, 0.0, 0.0, 36588.0, 1123.0, 3044.0, 1747.0, 13003.0, 627.0, 2698.0, 0.0, 0.0, 0.0, 0.0, 0.0, 0.0, 0.0, 0.0, 0.0, 0.0, 0.0, 0.0, 0.0, 0.0 ],
    "isTransposed" : false
  },
  "precision" : [ 0.9046192653318619, 0.2937138449672194, 0.4269427608493641, 0.0, 0.2210266870644229, 0.0, 0.0 ],
  "recall" : [ 0.7407409991870572, 0.2991358994501178, 0.8042166313974449, 0.0, 0.5304532288989515, 0.0, 0.0 ],
  "fMeasure" : [ 0.8145189754922273, 0.29640007783615485, 0.5577741941328888, 0.0, 0.3120358038467537, 0.0, 0.0 ]
},
{
  "modelType" : "x",
  "split" : "valid",
  "accuracy" : 0.6666286010900597,
  "confusionMatrix" : {
    "numRows" : 7,
    "numCols" : 7,